Label,Michael,Jim,Pam,Dwight,Andy,Pete,Robert,Angela,Nellie,Jan,Holly,Oscar,Jo,Phyllis,Meredith,Ryan,David,Darryl,Deangelo,Kelly,Gabe,Clark,Creed,Charles,Toby,Erin,Roy,Karen,Stanley,Kevin
Season 1 Episode 1,36.16071429,16.07142857,18.30357143,12.94642857,0,0,0,0.446428571,0,5.357142857,0,1.339285714,0,0.892857143,0,3.571428571,0,0,0,0,0,0,0,0,0,0,2.232142857,0,2.232142857,0.446428571
Season 1 Episode 2,44.91017964,14.97005988,7.185628743,10.17964072,0,0,0,2.395209581,0,0,0,7.784431138,0,0,0,2.395209581,0,0,0,1.19760479,0,0,0,0,1.19760479,0,0,0,2.994011976,4.790419162
Season 1 Episode 3,23.33333333,17.5,13.33333333,25.83333333,0,0,0,2.083333333,0,7.5,0,3.75,0,0,1.25,0.416666667,0,0,0,0,0,0,0,0,0,0,0,0,2.5,2.5
Season 1 Episode 4,28.57142857,20.58823529,9.243697479,19.74789916,0,0,0,2.941176471,0,0,0,5.882352941,0,2.100840336,4.201680672,1.680672269,0,0,0,0,0,0,0,0,1.680672269,0,1.260504202,0,0.840336134,1.260504202
Season 1 Episode 5,49.05660377,9.905660377,6.603773585,11.79245283,0,0,0,1.41509434,0,0,0,0.943396226,0,1.886792453,0,3.773584906,0,7.075471698,0,0,0,0,0,0,0,0,5.660377358,0,1.41509434,0.471698113
Season 1 Episode 6,36.26760563,19.36619718,15.84507042,9.85915493,0,0,0,1.056338028,0,2.816901408,0,0.352112676,0,0,0,4.225352113,0,0,0,0,0,0,0,0,2.464788732,0,4.929577465,0,1.056338028,1.76056338
Season 2 Episode 1,38.70967742,12.90322581,16.53225806,12.90322581,0,0,0,0.403225806,0,3.629032258,0,0.806451613,0,4.032258065,0,0.806451613,0,0.403225806,0,2.822580645,0,0,0,0,0,0,2.419354839,0,3.225806452,0.403225806
Season 2 Episode 2,43.29004329,6.926406926,11.68831169,4.761904762,0,0,0,0.865800866,0,4.761904762,0,0,0,2.597402597,0.432900433,0.432900433,0,3.896103896,0,0,0,0,0,0,11.25541126,0,6.060606061,0,0.432900433,2.597402597
Season 2 Episode 3,31.67938931,20.99236641,12.59541985,20.99236641,0,0,0,2.290076336,0,0,0,3.816793893,0,0.763358779,0.381679389,1.908396947,0,0,0,0,0,0,0,0,0,0,0,0,1.145038168,3.435114504
Season 2 Episode 4,23.15436242,17.11409396,7.382550336,21.81208054,0,0,0,5.704697987,0,0,0,1.342281879,0,2.013422819,1.342281879,13.42281879,0,0,0,1.342281879,0,0,0,0,0,0,2.013422819,0,1.677852349,1.677852349
Season 2 Episode 5,43.90243902,12.19512195,10.97560976,13.41463415,0,0,0,5.284552846,0,0,0,2.845528455,0,1.219512195,0,0.406504065,0,0,0,1.219512195,0,0,6.504065041,0,0,0,0,0,1.219512195,0.81300813
Season 2 Episode 6,32.94573643,18.99224806,9.689922481,24.80620155,0,0,0,1.162790698,0,0,0,0,0,0,0,6.976744186,0,0,0,1.162790698,0,0,0,0,1.937984496,0,0,0,1.162790698,1.162790698
Season 2 Episode 7,31.73913043,16.95652174,13.91304348,9.565217391,0,0,0,0,0,20,0,1.739130435,0,1.739130435,0,2.608695652,0,0,0,0.434782609,0,0,0,0,0.434782609,0,0.434782609,0,0,0.434782609
Season 2 Episode 8,37.72893773,9.523809524,10.98901099,15.38461538,0,0,0,1.831501832,0,19.04761905,0,0.366300366,0,0.366300366,0,0.366300366,0,0,0,0.732600733,0,0,0.366300366,0,0.366300366,0,0,0,1.465201465,1.465201465
Season 2 Episode 9,33.19502075,21.99170124,15.76763485,14.10788382,0,0,0,5.394190871,0,0,0,2.489626556,0,1.659751037,0,0.829875519,0,0,0,0.414937759,0,0,0,0,0,0,0,0,0.829875519,3.319502075
Season 2 Episode 10,32.22222222,10,6.296296296,15.55555556,0,0,0,3.333333333,0,0,0,2.962962963,0,1.851851852,3.703703704,5.555555556,0,4.074074074,0,2.962962963,0,0,1.481481481,0,1.111111111,0,2.962962963,0,1.851851852,4.074074074
Season 2 Episode 11,41.66666667,16.11111111,9.444444444,12.22222222,0,0,0,0.555555556,0,0,0,0.555555556,0,2.222222222,1.666666667,1.111111111,0,1.666666667,0,2.222222222,0,0,0,0,0,0,6.111111111,0,4.444444444,0
Season 2 Episode 12,36.9047619,16.36904762,16.96428571,17.85714286,0,0,0,1.488095238,0,0,0,0.892857143,0,0.892857143,0.297619048,3.869047619,0,0,0,0.297619048,0,0,0.297619048,0,2.083333333,0,0,0,1.19047619,0.595238095
Season 2 Episode 13,36.8,20,10.8,15.2,0,0,0,2,0,0,0,3.6,0,0,0,2.8,0,0,0,2,0,0,1.2,0,1.2,0,0,0,1.2,3.2
Season 2 Episode 14,42.08333333,11.25,11.66666667,10.41666667,0,0,0,0.833333333,0,0,0,2.083333333,0,0.416666667,0,5.416666667,0,1.25,0,4.166666667,0,0,3.75,0,0.416666667,0,2.5,0,0.833333333,2.916666667
Season 2 Episode 15,28.35820896,8.208955224,9.701492537,4.47761194,0,0,0,1.865671642,0,20.52238806,0,0,0,3.358208955,1.865671642,0.746268657,0,10.07462687,0,3.358208955,0,0,0,0,0,0,5.597014925,0,0.373134328,1.492537313
Season 2 Episode 16,26.62721893,9.467455621,13.60946746,11.24260355,0,0,0,2.366863905,0,9.467455621,0,1.183431953,0,1.775147929,1.183431953,2.366863905,7.100591716,0,0,7.692307692,0,0,0,0,0,0,2.958579882,0,0,2.958579882
Season 2 Episode 17,26.66666667,17.94871795,9.743589744,25.12820513,0,0,0,2.051282051,0,0,0,1.538461538,0,2.051282051,0,3.58974359,0,0,0,2.564102564,0,0,2.051282051,0,2.051282051,0,0,0,2.564102564,2.051282051
Season 2 Episode 18,40.31413613,8.90052356,10.9947644,12.04188482,0,0,0,2.094240838,0,0,0,0.523560209,0,0,1.047120419,5.235602094,0,0.523560209,0,3.141361257,0,0,2.094240838,0,6.806282723,0,0.523560209,0,3.141361257,2.617801047
Season 2 Episode 19,36.70886076,9.282700422,10.97046414,18.14345992,0,0,0,5.063291139,0,2.109704641,0,2.953586498,0,0.843881857,0.421940928,1.265822785,0,0,0,1.687763713,0,0,0,0,3.375527426,0,0,0,1.265822785,5.907172996
Season 2 Episode 20,24.75247525,9.900990099,7.425742574,35.14851485,0,0,0,3.465346535,0,0,0,2.97029703,0,1.485148515,0,3.465346535,0,0,0,2.475247525,0,0,0.495049505,0,2.475247525,0,0,0,2.97029703,2.97029703
Season 2 Episode 21,36.06557377,11.47540984,9.836065574,13.52459016,0,0,0,4.918032787,0,0,0,3.68852459,0,4.918032787,0,1.639344262,0,0,0,0.819672131,0,0,1.229508197,0,9.016393443,0,0,0,1.639344262,1.229508197
Season 2 Episode 22,29.01234568,16.04938272,13.58024691,9.567901235,0,0,0,1.543209877,0,12.34567901,0,1.234567901,0,2.160493827,0.308641975,0.308641975,0,2.469135802,0,0.308641975,0,0,1.234567901,0,1.234567901,0,3.395061728,0,0.308641975,4.938271605
Season 3 Episode 1,36.42857143,7.857142857,4.285714286,12.85714286,3.571428571,0,0,2.857142857,0,5,0,11.42857143,0,2.142857143,0,0.714285714,0,0,0,0.714285714,0,0,0.714285714,0,6.428571429,0,2.857142857,0.714285714,0.714285714,0.714285714
Season 3 Episode 2,42.51968504,12.5984252,11.81102362,14.56692913,0,0,0,3.543307087,0,4.724409449,0,0,0,0.787401575,0.393700787,1.181102362,0,0,0,3.149606299,0,0,0.787401575,0,2.362204724,0,0,0,0.393700787,1.181102362
Season 3 Episode 3,29.08366534,4.780876494,6.772908367,28.28685259,3.984063745,0,0,4.780876494,0,9.960159363,0,0,0,1.992031873,0,0,0,0,0,3.187250996,0,0,0.796812749,0,0,0,0.796812749,3.187250996,0.796812749,1.593625498
Season 3 Episode 4,35.77586207,6.465517241,10.77586207,15.51724138,1.724137931,0,0,2.586206897,0,5.172413793,0,0,0,1.293103448,0.431034483,2.586206897,0,0,0,2.155172414,0,0,2.586206897,0,1.293103448,0,2.155172414,6.465517241,2.155172414,0.862068966
Season 3 Episode 5,12.94117647,17.64705882,20.39215686,17.64705882,1.960784314,0,0,1.568627451,0,2.745098039,0,0,0,0.784313725,0,14.11764706,0,0,0,2.352941176,0,0,0,0,0.392156863,0,0,3.921568627,2.352941176,1.176470588
Season 3 Episode 6,31.2849162,10.61452514,12.84916201,3.351955307,7.82122905,0,0,5.586592179,0,0,0,0,0,1.117318436,1.117318436,3.910614525,0,0,0,8.379888268,0,0,0.558659218,0,1.117318436,0,0.558659218,7.82122905,0.558659218,3.351955307
Season 3 Episode 7,28.16326531,8.571428571,8.979591837,16.32653061,2.040816327,0,0,2.857142857,0,13.06122449,0,0,0,3.265306122,0,2.857142857,0,1.632653061,0,0.816326531,0,0,0,0,0.816326531,0,1.632653061,3.673469388,0.408163265,4.897959184
Season 3 Episode 8,29.00232019,15.31322506,8.352668213,16.93735499,9.512761021,0,0,0.928074246,0,1.392111369,0,0,0,1.856148492,0.464037123,2.088167053,0,0,0,1.392111369,0,0,0.464037123,0,3.712296984,0,0,6.032482599,0.928074246,1.62412993
Season 3 Episode 9,30.85714286,17.71428571,9.142857143,2.285714286,9.714285714,0,0,5.714285714,0,4,0,0,0,0.571428571,0.571428571,1.714285714,0,0,0,0,0,0,1.142857143,0,2.285714286,0,0,5.714285714,1.142857143,7.428571429
Season 3 Episode 10,24.82758621,10.11494253,13.10344828,14.02298851,6.436781609,0,0,8.505747126,0,0,0,0.229885057,0,2.75862069,0.689655172,1.83908046,0,0.689655172,0,1.149425287,0,0,0.689655172,0,1.83908046,0,1.379310345,7.816091954,0.689655172,3.218390805
Season 3 Episode 11,33.81642512,12.07729469,15.94202899,10.62801932,1.449275362,0,0,1.93236715,0,5.797101449,0,0,0,0.966183575,0,0,0,2.898550725,0,0,0,0,0,0,3.381642512,0,2.415458937,4.347826087,1.93236715,2.415458937
Season 3 Episode 12,19.67213115,15.98360656,10.6557377,13.52459016,11.8852459,0,0,6.967213115,0,0.409836066,0,0,0,4.098360656,0,3.278688525,0,0,0,0.819672131,0,0,0,0,0,0,0,6.557377049,3.278688525,2.868852459
Season 3 Episode 13,24.87046632,12.95336788,5.18134715,12.95336788,20.7253886,0,0,7.25388601,0,0,0,5.699481865,0,1.554404145,1.03626943,1.554404145,0,0,0,0,0,0,1.554404145,0,0,0,0,2.07253886,1.03626943,1.554404145
Season 3 Episode 14,37.93103448,12.31527094,14.77832512,14.28571429,0,0,0,2.463054187,0,2.955665025,0,0,0,0,0.985221675,2.955665025,0,0,0,1.477832512,0,0,0,0,0,0,0.492610837,7.389162562,0.492610837,1.477832512
Season 3 Episode 15,31.81818182,12.33766234,9.74025974,16.23376623,0,0,0,1.948051948,0,0,0,0,0,9.74025974,0.649350649,0,0,0,0,3.896103896,0,0,0,0,1.298701299,0,5.844155844,2.597402597,1.298701299,2.597402597
Season 3 Episode 16,27.27272727,6.666666667,15.75757576,13.33333333,0,0,0,1.212121212,0,0,0,2.424242424,0,0,1.818181818,9.090909091,0,0,0,5.454545455,0,0,3.03030303,0,1.818181818,0,4.848484848,3.03030303,0.606060606,3.636363636
Season 3 Episode 17,31.69811321,7.924528302,8.301886792,12.0754717,0,0,0,0.377358491,0,17.35849057,0,0,0,0,0,1.132075472,3.018867925,0,0,0.377358491,0,0,0.754716981,0,1.132075472,0,8.301886792,4.528301887,0,3.018867925
Season 3 Episode 18,29.94350282,11.5819209,4.519774011,5.084745763,0.564971751,0,0,3.107344633,0,8.474576271,0,1.129943503,0,1.129943503,0,2.542372881,0,12.14689266,0,3.95480226,0,0,0.847457627,0,4.802259887,0,2.259887006,4.519774011,1.129943503,2.259887006
Season 3 Episode 19,28.67647059,8.823529412,6.985294118,20.22058824,6.617647059,0,0,0.367647059,0,0,0,1.102941176,0,0,0,1.838235294,0,11.02941176,0,2.205882353,0,0,1.102941176,0,2.941176471,0,0,1.470588235,0.735294118,5.882352941
Season 3 Episode 20,23.04347826,20,6.086956522,13.47826087,14.7826087,0,0,5.217391304,0,0,0,2.608695652,0,0.434782609,0,0.869565217,0,0,0,4.347826087,0,0,3.47826087,0,0,0,0,1.739130435,0.434782609,3.47826087
Season 3 Episode 21,28.07017544,10.87719298,12.28070175,14.73684211,3.50877193,0,0,3.859649123,0,3.859649123,0,0,0,4.210526316,1.754385965,1.754385965,0,0,0,1.403508772,0,0,2.105263158,0,2.456140351,0,0,5.263157895,0,3.859649123
Season 3 Episode 22,38.18181818,8,8.363636364,13.81818182,6.545454545,0,0,2.909090909,0,0,0,1.818181818,0,0.363636364,0.727272727,1.090909091,3.272727273,0,0,3.272727273,0,0,0.727272727,0,1.454545455,0,0,3.272727273,4.363636364,1.818181818
Season 3 Episode 23,23.6,13,9.2,12,4.4,0,0,1.2,0,8.6,0,2.2,0,0.8,1.2,0.8,9,0,0,0.6,0,0,0.6,0,0,0,0,8,1.4,3.4
Season 4 Episode 1,27.60084926,10.61571125,16.985138,11.46496815,1.486199575,0,0,10.1910828,0,1.486199575,0,1.910828025,0,0.8492569,3.821656051,1.6985138,0,1.061571125,0,1.27388535,0,0,1.910828025,0,1.910828025,0,0,0,1.910828025,3.821656051
Season 4 Episode 2,27.25490196,8.039215686,9.803921569,13.1372549,2.745098039,0,0,4.509803922,0,3.137254902,0,0.588235294,0,2.549019608,0,15.29411765,0,0,0,3.921568627,0,0,1.960784314,0,3.529411765,0,0,0,0.980392157,2.549019608
Season 4 Episode 3,29.6969697,13.53535354,4.848484848,16.76767677,9.090909091,0,0,9.898989899,0,1.212121212,0,1.616161616,0,1.818181818,2.424242424,1.414141414,0,1.818181818,0,1.616161616,0,0,0,0,0,0,0,0,1.414141414,2.828282828
Season 4 Episode 4,33.17073171,10,12.19512195,9.512195122,2.682926829,0,0,0.975609756,0,7.56097561,0,6.097560976,0,0.487804878,0.243902439,5.12195122,0,2.43902439,0,3.170731707,0,0,1.707317073,0,0.487804878,0,0,0,1.707317073,2.43902439
Season 4 Episode 5,34.26966292,15.73033708,10.11235955,5.617977528,11.79775281,0,0,1.123595506,0,0,0,0.561797753,0,3.93258427,1.685393258,4.494382022,1.685393258,5.617977528,0,0,0,0,1.123595506,0,0,0,0,0,0.561797753,1.685393258
Season 4 Episode 6,30.25830258,25.46125461,6.642066421,14.02214022,2.95202952,0,0,0,0,0,0,3.6900369,0,0.73800738,0,0,0,0,0,0,0,0,0,0,2.58302583,0,0,9.225092251,3.6900369,0.73800738
Season 4 Episode 7,27.70562771,29.43722944,4.761904762,10.82251082,3.03030303,0,0,3.03030303,0,0,0,3.03030303,0,1.731601732,2.164502165,0,0,0,0,0.432900433,0,0,5.194805195,0,6.926406926,0,0,0,0.865800866,0.865800866
Season 4 Episode 8,41.7989418,7.407407407,11.11111111,2.645502646,0,0,0,0,0,14.81481481,0,0.529100529,0,0,0.529100529,5.291005291,2.116402116,1.587301587,0,7.936507937,0,0,0,0,2.116402116,0,0,0,0,2.116402116
Season 4 Episode 9,33.20895522,14.17910448,10.44776119,5.970149254,3.731343284,0,0,4.47761194,0,27.23880597,0,0,0,0.373134328,0,0,0,0,0,0,0,0,0,0,0,0,0,0,0.373134328,0
Season 4 Episode 10,36.73469388,10.71428571,17.85714286,8.673469388,7.142857143,0,0,0.510204082,0,0.510204082,0,1.020408163,0,4.591836735,0,0,0,0,0,0,0,0,1.530612245,0,0,0,0,0,0.510204082,10.20408163
Season 4 Episode 11,31.29496403,13.30935252,4.676258993,15.10791367,1.438848921,0,0,1.438848921,0,0,0,2.517985612,0,1.079136691,0.35971223,21.58273381,0,0,0,1.079136691,0,0,0.71942446,0,2.877697842,0,0,0,1.438848921,1.079136691
Season 4 Episode 12,34.11764706,9.019607843,6.274509804,12.54901961,9.019607843,0,0,1.176470588,0,0,0,0.784313725,0,2.745098039,0,2.352941176,0,5.098039216,0,0.392156863,0,0,0.392156863,0,3.921568627,0,0,0,9.019607843,3.137254902
Season 4 Episode 13,30,12.66666667,22,6.666666667,8.666666667,0,0,2.666666667,0,0,0,3.333333333,0,1.333333333,0.666666667,0,0,4,0,0.666666667,0,0,2.666666667,0,0,0,0,0,0,4.666666667
Season 4 Episode 14,31.17647059,11.56862745,8.235294118,7.254901961,1.37254902,0,0,2.745098039,0,4.705882353,13.33333333,0.196078431,0,3.137254902,0.784313725,0.980392157,0,0.392156863,0,0.784313725,0,0,1.37254902,0,7.254901961,0,0,0,0.196078431,4.509803922
Season 5 Episode 1,23.66255144,12.96296296,7.407407407,10.08230453,5.967078189,0,0,5.349794239,0,1.028806584,11.31687243,3.703703704,0,3.29218107,0.823045267,4.115226337,0,2.057613169,0,2.469135802,0,0,1.028806584,0,0.205761317,0,0,0,1.646090535,2.880658436
Season 5 Episode 2,27.75119617,12.91866029,4.306220096,6.698564593,5.741626794,0,0,0.956937799,0,0,24.40191388,2.392344498,0,1.435406699,6.220095694,1.435406699,0,0,0,1.435406699,0,0,0.4784689,0,0,0,0,0,1.435406699,2.392344498
Season 5 Episode 3,29.25925926,10,9.259259259,12.96296296,4.814814815,0,0,4.814814815,0,14.07407407,3.703703704,1.111111111,0,2.592592593,0.37037037,0,0,3.333333333,0,0.740740741,0,0,0.740740741,0,0,0,0,0,0.740740741,1.481481481
Season 5 Episode 4,30.55555556,8.333333333,3.571428571,12.3015873,2.777777778,0,0,3.174603175,0,0,14.28571429,1.984126984,0,9.126984127,0,0,1.984126984,3.174603175,0,0,0,0,0.793650794,0,0,0,5.555555556,0,0.396825397,1.984126984
Season 5 Episode 5,21.07142857,8.928571429,8.928571429,12.85714286,14.28571429,5.357142857,0,0,0,0,11.42857143,0.357142857,0,1.428571429,0.357142857,1.428571429,0,10.35714286,0,1.785714286,0,0,0.714285714,0,0,0,0,0,0.357142857,0.357142857
Season 5 Episode 6,18.20809249,30.05780347,8.670520231,24.56647399,7.514450867,0,0,1.734104046,0,0,0,0,0,0,0,1.734104046,0,0.289017341,0,6.647398844,0,0,0,0,0,0,0,0,0,0.578034682
Season 5 Episode 7,25.66666667,7.333333333,4.666666667,5.333333333,23,0,0,3.333333333,0,0,0,12.66666667,0,0.666666667,1.666666667,4,4.666666667,0,0,5,0,0,0.333333333,0,0,0,0,0,1,0.666666667
Season 5 Episode 8,32.96703297,11.35531136,9.523809524,13.91941392,2.197802198,0,0,0.732600733,0,0,0,1.098901099,0,1.098901099,0.732600733,6.593406593,4.029304029,0,0,3.663003663,0,0,0.732600733,0,10.62271062,0,0,0,0,0.732600733
Season 5 Episode 9,32.25806452,10,18.70967742,9.35483871,5.806451613,0,0,7.419354839,0,0,0,10,0,0.64516129,0.322580645,0,1.935483871,0,0,0.322580645,0,0,0.322580645,0,0.64516129,0,0,0,1.290322581,0.967741935
Season 5 Episode 10,27.89699571,11.15879828,2.575107296,11.58798283,3.004291845,0,0,5.150214592,0,0,0,2.145922747,0,8.154506438,15.45064378,0,0,2.575107296,0,0.429184549,0,0,0.429184549,0,6.43776824,0,0,0,1.716738197,1.287553648
Season 5 Episode 11,17.99307958,11.76470588,3.114186851,22.83737024,22.49134948,0,0,7.612456747,0,0,0,3.460207612,0,1.038062284,2.076124567,0,2.76816609,0,0,0.692041522,0,0,0.692041522,0,0,0,0,0,0.692041522,2.76816609
Season 5 Episode 12,39.13043478,6.086956522,2.173913043,31.73913043,2.173913043,0,0,1.304347826,0,0,0,1.304347826,0,1.739130435,0.869565217,0,3.913043478,0,0,0.869565217,0,0,0.434782609,0,0,0,0,0,2.173913043,6.086956522
Season 5 Episode 13,30.78947368,9.210526316,8.421052632,19.21052632,6.052631579,0,0,4.210526316,0,0,0,2.894736842,0,2.894736842,0.789473684,0,2.631578947,1.578947368,0,0.789473684,0,0,1.052631579,0,0,0,0,0,7.368421053,2.105263158
Season 5 Episode 14,25,15.45454545,15.90909091,11.36363636,12.27272727,0,0,0,0,0,0,0.454545455,0,1.363636364,0,0,0,0,0,3.636363636,0,0,2.272727273,0,0,0,0,9.090909091,3.181818182,0
Season 5 Episode 15,21.18644068,13.98305085,16.10169492,13.98305085,0,0,0,7.627118644,0,0,0,5.508474576,0,0.423728814,3.813559322,0,0,0,0,7.627118644,0,0,0.847457627,0,0,0,0,0.847457627,0.847457627,7.203389831
Season 5 Episode 16,35.83333333,14.16666667,13.33333333,12.91666667,0,0,0,1.666666667,0,0,0,5.833333333,0,4.166666667,1.25,0,0,0,0,3.75,0,0,0,0,0,0,0,0,0.833333333,6.25
Season 5 Episode 17,36.80781759,12.70358306,7.817589577,23.12703583,3.908794788,0,0,0,0,0,0,2.280130293,0,0,0,0,8.143322476,0.977198697,0,0,0,0,0.651465798,0,0,0,0,0,0.325732899,3.25732899
Season 5 Episode 18,36.74911661,10.60070671,4.946996466,7.4204947,1.413427562,0,0,2.826855124,0,0,0,0.35335689,0,1.060070671,0,0,6.360424028,0,0,2.473498233,0,0,0,23.32155477,0,0,0,0,0.706713781,1.766784452
Season 5 Episode 19,34.64566929,10.23622047,14.96062992,4.724409449,5.511811024,0,0,2.362204724,0,0,0,4.724409449,0,1.181102362,0.787401575,0,0,0,0,2.362204724,0,0,0.393700787,9.842519685,0.393700787,0,0,0,2.755905512,5.118110236
Season 5 Episode 20,27.46478873,12.32394366,22.88732394,5.985915493,5.633802817,0,0,1.056338028,0,0,0,0.352112676,0,0.704225352,0,3.873239437,0,0,0,0.352112676,0,0,0.352112676,14.08450704,0,0,0,0,1.408450704,3.521126761
Season 5 Episode 21,18.25396825,11.11111111,17.85714286,10.71428571,7.142857143,0,0,0,0,0,0,1.984126984,0,0.396825397,0.396825397,9.920634921,0,0,0,1.984126984,0,0,0.793650794,9.920634921,1.19047619,6.349206349,0,0,1.19047619,0.793650794
Season 5 Episode 22,34.22053232,8.365019011,5.703422053,31.55893536,9.505703422,0,0,0,0,0,0,0,0,1.901140684,0,2.281368821,0,0,0,0.380228137,0,0,0,5.323193916,0,0,0,0,0.380228137,0.380228137
Season 5 Episode 23,27.63636364,10.90909091,12,9.090909091,1.090909091,0,0,0.727272727,0,0,0,0,0,0.363636364,0,8.727272727,13.45454545,0,0,0.727272727,0,0,0,14.18181818,0,0.363636364,0,0,0.363636364,0.363636364
Season 5 Episode 24,29.73856209,9.477124183,9.477124183,14.70588235,3.594771242,0,0,1.633986928,0,0,0,1.633986928,0,3.921568627,2.614379085,7.843137255,0,0.326797386,0,0.653594771,0,0,2.941176471,0,4.248366013,3.267973856,0,0,3.594771242,0.326797386
Season 5 Episode 25,32.43243243,6.563706564,7.335907336,10.81081081,6.177606178,0,0,6.563706564,0,0,0,1.930501931,0,9.652509653,0.386100386,0.772200772,0,0,0,4.247104247,0,0,1.158301158,0,0,8.88030888,0,0,0.386100386,2.702702703
Season 5 Episode 26,22.63374486,9.87654321,10.28806584,16.87242798,4.938271605,0,0,1.234567901,0,0,15.63786008,0.823045267,0,1.646090535,0.823045267,0,5.349794239,0,0,0,0,0,0,4.938271605,0.823045267,1.234567901,0,0,0.823045267,2.057613169
Season 6 Episode 1,31.87919463,14.09395973,9.060402685,6.711409396,12.75167785,0,0,1.677852349,0,0,0,3.355704698,0,2.348993289,1.342281879,0.33557047,0,0,0,3.020134228,0,0,2.013422819,0,0.33557047,2.348993289,0,0,4.026845638,4.697986577
Season 6 Episode 2,27.27272727,7.196969697,9.090909091,11.74242424,2.651515152,0,0,1.136363636,0,0,0,2.651515152,0,0.757575758,2.272727273,1.893939394,12.87878788,5.681818182,0,1.136363636,0,0,1.515151515,0,9.848484848,1.136363636,0,0,0.757575758,0.378787879
Season 6 Episode 3,28.28947368,29.93421053,5.921052632,9.539473684,0.986842105,0,0,1.644736842,0,0,0,3.947368421,0,4.276315789,2.960526316,1.644736842,1.973684211,0,0,1.315789474,0,0,0.986842105,0,0,0.986842105,0,0,0.986842105,4.605263158
Season 6 Episode 4,32.09459459,11.82432432,12.16216216,18.58108108,6.418918919,2.027027027,0,3.040540541,0,0,0,1.689189189,0,0.337837838,0.675675676,0.675675676,0,0,0,1.013513514,0,0,0,0,0.337837838,2.027027027,0,0,1.351351351,5.743243243
Season 6 Episode 5,20.1183432,12.4260355,20.1183432,17.15976331,8.284023669,0,0,1.775147929,0,0,0,2.366863905,0,1.183431953,2.366863905,0.591715976,0,0,0,0,0,0,0,0,1.775147929,2.366863905,0,0,1.775147929,7.692307692
Season 6 Episode 6,40.39735099,4.635761589,1.655629139,16.55629139,18.87417219,0,0,0,0,0,0,5.960264901,0,0.331125828,0.993377483,1.324503311,0,0,0,0,0,0,0.331125828,0,0.993377483,2.317880795,0,0,0,5.629139073
Season 6 Episode 7,27.07006369,19.10828025,19.10828025,9.554140127,2.866242038,0,0,1.592356688,0,0,0,1.910828025,0,0.636942675,1.27388535,2.547770701,0,0,0,3.184713376,0,0,0.318471338,0,4.777070064,3.821656051,0,0,0.318471338,1.910828025
Season 6 Episode 8,27.96052632,16.11842105,12.5,4.605263158,12.17105263,0,0,3.289473684,0,0,0,3.618421053,0,2.960526316,2.631578947,0.328947368,0,2.302631579,0,0.657894737,0,0,0.986842105,0,0,5.592105263,0,0,0.986842105,3.289473684
Season 6 Episode 9,34.75609756,7.926829268,21.34146341,15.24390244,8.536585366,0,0,0.609756098,0,0,0,0.914634146,0,0.609756098,0.304878049,2.43902439,0,0,0,1.524390244,0,0,0.609756098,0,2.134146341,0.914634146,0,0,0.304878049,1.829268293
Season 6 Episode 10,27.57201646,19.34156379,4.938271605,12.34567901,9.87654321,0,0,2.469135802,0,0,0,3.29218107,0,2.057613169,1.646090535,0.411522634,1.646090535,0,0,0.411522634,0,0,0.823045267,0,0,6.172839506,0,0,2.469135802,4.526748971
Season 6 Episode 11,30.86956522,16.08695652,5.217391304,11.30434783,6.086956522,0,0,0,0,0,0,7.826086957,0,3.043478261,0.434782609,7.826086957,6.086956522,0,0,0,0,0,0.434782609,0,0,1.304347826,0,0,1.739130435,1.739130435
Season 6 Episode 12,29.43722944,16.45021645,6.060606061,15.58441558,9.523809524,0,0,1.298701299,0,0,0,0.865800866,0,1.731601732,0,1.731601732,3.896103896,0,0,0.432900433,0,0,0.432900433,0,0,9.090909091,0,0,0.865800866,2.597402597
Season 6 Episode 13,29.78056426,12.22570533,5.015673981,11.59874608,5.015673981,0,0,1.880877743,0,0,0,4.07523511,0,8.463949843,0.940438871,2.507836991,5.956112853,0,0,0.940438871,0,0,0.626959248,0,1.880877743,3.448275862,0,0,1.567398119,4.07523511
Season 6 Episode 14,48.88888889,0,5.555555556,18.88888889,1.111111111,0,0,2.222222222,0,0,0,0,0,0,0,1.111111111,0,0,0,0,0,0,0,0,20,0,0,0,0,2.222222222
Season 6 Episode 15,35.19313305,11.15879828,10.72961373,3.862660944,4.291845494,0,0,0.858369099,0,0,0,2.145922747,3.433476395,0.429184549,0.858369099,0,14.59227468,0,0,0,7.725321888,0,0.429184549,0,0.858369099,2.575107296,0,0,0.429184549,0.429184549
Season 6 Episode 16,24.28571429,11.78571429,1.785714286,13.92857143,8.571428571,0,0,0.357142857,0,0,0,2.142857143,11.78571429,1.428571429,1.428571429,6.785714286,0,0,0,3.928571429,1.785714286,0,0,0,0,8.214285714,0,0,0,1.785714286
Season 6 Episode 17,24.48275862,22.75862069,22.75862069,11.72413793,2.75862069,0,0,4.827586207,0,0,0,0.689655172,0,1.034482759,1.034482759,0.344827586,0,0,0,0.689655172,0,0,0.344827586,0,0.344827586,2.413793103,0,0,0.689655172,3.103448276
Season 6 Episode 18,16.12903226,24.37275986,21.50537634,4.659498208,6.093189964,0,0,1.792114695,0,0,0,0.358422939,0,1.075268817,1.075268817,0.358422939,0,0,0,0.358422939,0,4.659498208,0,0,0,10.03584229,0,0,0.358422939,7.168458781
Season 6 Episode 19,21.31147541,16.39344262,0.409836066,11.8852459,9.836065574,0,0,1.229508197,0,0,0,1.639344262,21.72131148,0.409836066,1.639344262,1.229508197,0,0,0,1.229508197,1.229508197,0,0,0,0,8.196721311,0,0,0.409836066,1.229508197
Season 6 Episode 20,30.35714286,18.21428571,1.071428571,15.35714286,5.357142857,0,0,2.142857143,0,0,0,0.357142857,0,6.428571429,1.071428571,1.071428571,0,3.214285714,0,2.857142857,2.5,0,0,0,0.714285714,2.5,0,0,3.928571429,2.857142857
Season 6 Episode 21,25.08474576,11.18644068,10.50847458,11.52542373,11.86440678,0,0,5.762711864,0,0,0,6.779661017,0,2.033898305,0.338983051,1.694915254,0,3.389830508,0,1.355932203,0,0,0.338983051,0,0,5.423728814,0,0,0.338983051,2.372881356
Season 6 Episode 22,17.82945736,3.100775194,10.85271318,6.589147287,9.689922481,0,0,1.937984496,0,0,0,2.325581395,0,1.162790698,3.488372093,1.937984496,0,1.162790698,0,1.937984496,8.914728682,0,0,0,1.162790698,20.15503876,0,0,0,7.751937984
Season 6 Episode 23,30.1754386,12.98245614,9.473684211,15.78947368,1.052631579,0,0,1.052631579,0,0,0,3.157894737,0,1.403508772,0,1.403508772,0,1.403508772,0,9.824561404,5.263157895,0,0.350877193,0,0,3.157894737,0,0,0.701754386,2.807017544
Season 6 Episode 24,33.96226415,5.283018868,15.8490566,14.33962264,11.32075472,0,0,0,0,0,0,0.377358491,0,0,0.377358491,1.509433962,0,9.811320755,0,2.641509434,1.509433962,0,0.754716981,0,0,1.132075472,0,0,1.132075472,0
Season 6 Episode 25,27.79661017,7.118644068,10.16949153,12.20338983,13.89830508,0,0,5.762711864,0,0,0,1.016949153,0,2.711864407,1.016949153,3.728813559,0,1.355932203,0,1.694915254,2.033898305,0,1.355932203,0,1.694915254,3.728813559,0,0,0.677966102,2.033898305
Season 6 Episode 26,29.38596491,5.701754386,7.456140351,8.333333333,7.456140351,0,0,1.754385965,0,0,0,0.877192982,18.85964912,2.192982456,0,0.877192982,0.438596491,2.631578947,0,2.192982456,2.192982456,0,0.877192982,0,3.070175439,1.754385965,0,0,0.877192982,3.070175439
Season 7 Episode 1,26.60550459,10.09174312,11.46788991,9.633027523,7.339449541,0,0,1.376146789,0,0,0,3.669724771,3.211009174,3.211009174,1.376146789,1.376146789,0,2.293577982,0,2.293577982,5.04587156,0,1.834862385,0,1.376146789,3.211009174,0,0,2.293577982,2.293577982
Season 7 Episode 2,12.3015873,13.49206349,15.47619048,19.04761905,5.158730159,0,0,1.587301587,0,0,0,2.777777778,0,1.19047619,0,1.19047619,0,1.587301587,0,2.380952381,6.746031746,0,0.396825397,0,13.88888889,1.587301587,0,0,1.19047619,0
Season 7 Episode 3,21.18226601,9.359605911,8.374384236,8.374384236,24.13793103,0,0,7.881773399,0,0,0,0.492610837,0,1.97044335,0.492610837,0,0,5.418719212,0,0.985221675,0,0,0.985221675,0,0,9.359605911,0,0,0.985221675,0
Season 7 Episode 4,32.22222222,1.481481481,2.962962963,15.18518519,14.81481481,0,0,0.740740741,0,5.925925926,5.925925926,2.592592593,0,1.851851852,2.592592593,0.37037037,0,2.962962963,0,1.851851852,1.111111111,0,0.740740741,0,0,1.481481481,0,0,1.481481481,3.703703704
Season 7 Episode 5,25.07374631,17.40412979,2.949852507,16.51917404,11.20943953,0,0,0.589970501,0,0,0,4.719764012,0,2.359882006,4.424778761,0.884955752,0,6.784660767,0,0.884955752,0,0,0.589970501,0,0,0.589970501,0,0,1.474926254,3.539823009
Season 7 Episode 6,23.6,10.8,9.6,5.6,6.4,0,0,2,0,0,0,3.2,0,2,0.4,2.4,0,10.4,0,2,5.6,0,1.2,0,1.6,2.8,0,0,2.8,7.6
Season 7 Episode 7,31.89655172,16.37931034,14.22413793,6.896551724,10.77586207,0,0,3.448275862,0,0,0,0.862068966,0,2.155172414,0,2.586206897,0,0.862068966,0,0.862068966,0.862068966,0,0,0,1.293103448,3.879310345,0,0,1.293103448,1.724137931
Season 7 Episode 8,20.89552239,6.71641791,8.582089552,9.701492537,10.07462687,0,0,3.358208955,0,0,0,2.611940299,0,4.47761194,0,1.119402985,0,0,0,4.850746269,6.71641791,0,1.492537313,0,0,15.67164179,0,0,0.373134328,3.358208955
Season 7 Episode 9,24,8.727272727,10.18181818,8.727272727,3.636363636,0,0,7.272727273,0,0,0,1.818181818,1.454545455,0.363636364,0,19.63636364,0,0,0,1.818181818,2.909090909,0,1.090909091,0,0,2.545454545,0,0,2.545454545,3.272727273
Season 7 Episode 10,19.44444444,9.375,15.97222222,16.66666667,7.986111111,0,0,1.041666667,0,0,0,8.680555556,0,1.041666667,0.694444444,2.430555556,0,4.513888889,0,2.777777778,0.347222222,0,0.694444444,0,0,3.472222222,0,0,2.083333333,2.777777778
Season 7 Episode 11,23.55072464,9.057971014,12.5,6.884057971,5.072463768,0,0.905797101,4.710144928,0,0,9.057971014,2.173913043,0,2.355072464,1.811594203,1.992753623,0,4.166666667,0,2.536231884,1.086956522,0,0.724637681,0,4.528985507,3.260869565,0,0,0.905797101,2.717391304
Season 7 Episode 12,25,2.666666667,10.33333333,11.33333333,7,0,0,2.333333333,0,0,6.333333333,1,0,3,0.333333333,2,0,7,0,3.333333333,0.666666667,0,4.333333333,0,0,7,0,0,0,6.333333333
Season 7 Episode 13,14.34108527,9.302325581,6.976744186,7.364341085,19.76744186,0,0,0,0,0,4.651162791,5.426356589,0,1.162790698,0,3.100775194,4.651162791,1.162790698,0,4.651162791,2.713178295,0,0.775193798,0,0,9.689922481,0,0,0.775193798,3.488372093
Season 7 Episode 14,15.10791367,11.51079137,12.94964029,9.352517986,5.035971223,0,0,0.35971223,0,0,10.79136691,4.316546763,0,3.597122302,1.079136691,2.158273381,0,2.877697842,0,3.237410072,8.992805755,0,0,0,0,5.035971223,0,0,1.079136691,2.517985612
Season 7 Episode 15,21.0982659,6.647398844,6.936416185,6.936416185,10.69364162,0,0,2.601156069,0,0,10.98265896,4.913294798,0,0.867052023,0.289017341,1.734104046,0,4.624277457,0,0.289017341,6.069364162,0,0.289017341,0,0,10.98265896,0,0,0.289017341,3.757225434
Season 7 Episode 16,59.05511811,4.724409449,6.299212598,3.149606299,1.57480315,0,0,0,0,3.149606299,11.81102362,1.57480315,0,0,0,1.57480315,0,0,0,0.787401575,0,0,0.787401575,0,0,0.787401575,0,1.57480315,0,3.149606299
Season 7 Episode 17,20.81784387,13.75464684,13.38289963,15.24163569,10.78066914,0,0,0.371747212,0,0,11.89591078,0.371747212,0,0.371747212,1.115241636,1.486988848,0,0,0,1.115241636,0.371747212,0,0,0,0,3.717472119,0,0,0.371747212,4.832713755
Season 7 Episode 18,25.80645161,8.602150538,11.46953405,11.11111111,6.093189964,0,0,0.358422939,0,0,16.84587814,2.508960573,0,1.075268817,1.075268817,3.225806452,0,3.584229391,0,1.075268817,0.358422939,0,0,0,0,0,0,0,0.358422939,6.451612903
Season 7 Episode 19,28.69198312,4.219409283,3.375527426,4.219409283,5.063291139,0,0,1.687763713,0,0,0,2.109704641,0,0.843881857,0.421940928,0.843881857,0,3.375527426,34.17721519,2.109704641,1.687763713,0,0,0,0,4.219409283,0,0,1.265822785,1.687763713
Season 7 Episode 20,42.93478261,12.5,8.152173913,7.065217391,2.173913043,0,0,0.543478261,0,0,0,3.260869565,0,1.086956522,3.260869565,3.260869565,0,1.630434783,0,0,1.086956522,0,0.543478261,0,1.086956522,6.52173913,0,0,1.630434783,3.260869565
Season 7 Episode 21,38.9261745,6.040268456,6.711409396,5.369127517,8.053691275,0,0,4.026845638,0,0,2.013422819,2.013422819,0,6.040268456,2.013422819,1.006711409,0,1.006711409,0,1.006711409,3.355704698,0,0.67114094,0,1.677852349,4.026845638,0,0,2.348993289,3.691275168
Season 7 Episode 22,0,15.625,9.375,7.8125,3.515625,0,0,1.5625,0,0,0,0.78125,0,1.5625,0,5.859375,0,3.125,35.15625,5.859375,3.125,0,0,0,0.390625,1.171875,0,0,0,5.078125
Season 7 Episode 23,0,11.2,4.4,29.6,10.4,0,0,4.4,0,0,0,1.6,5.6,2,0.4,0.8,0,2,0,2.4,8,0,0.8,0,2.4,5.2,0,0,0.8,8
Season 7 Episode 24,0,19.73684211,7.01754386,9.649122807,5.701754386,0,2.631578947,2.412280702,1.973684211,0,0,4.824561404,6.140350877,4.385964912,1.315789474,2.412280702,0,5.921052632,0,3.728070175,6.578947368,0,3.728070175,0,2.850877193,5.043859649,0,0,0.877192982,3.070175439
Season 8 Episode 1,0,14.73214286,10.26785714,12.5,22.32142857,0,12.94642857,2.678571429,0,0,0,1.785714286,0,4.464285714,2.232142857,0.446428571,0,1.785714286,0,2.232142857,0,0,0,0,0.446428571,4.017857143,0,0,3.571428571,3.571428571
Season 8 Episode 2,0,14.07942238,11.9133574,7.581227437,25.99277978,0,8.664259928,5.054151625,0,0,0,2.527075812,0,2.527075812,1.805054152,1.444043321,0,2.527075812,0,1.083032491,0,0,0,0,0,4.332129964,0,0,1.805054152,8.664259928
Season 8 Episode 3,0,15.63636364,8.363636364,11.27272727,22.90909091,0,0,1.090909091,0,0,0,6.545454545,0,2.181818182,1.454545455,1.818181818,0,17.81818182,0,2.181818182,0,0,0.363636364,0,0.363636364,2.909090909,0,0,0,5.090909091
Season 8 Episode 4,0,11,5,13,30.5,0,9,3.5,0,0,0,4.5,0,1.5,2.5,3.5,0,4.5,0,1.5,2,0,0,0,3,2.5,0,0,0.5,2
Season 8 Episode 5,0,10.33057851,9.917355372,7.438016529,14.04958678,0,11.57024793,1.652892562,0,0,0,2.892561983,0,2.892561983,1.652892562,1.239669421,0,3.719008264,0,4.958677686,3.719008264,0,1.239669421,0,2.892561983,14.87603306,0,0,1.239669421,3.719008264
Season 8 Episode 6,0,12.94964029,6.115107914,17.26618705,17.26618705,0,11.15107914,2.517985612,0,0,0,3.956834532,0,0.71942446,0,1.079136691,0,5.395683453,0,1.798561151,7.913669065,0,0,0,2.877697842,2.877697842,0,0,2.517985612,3.597122302
Season 8 Episode 7,0,13.84083045,22.49134948,19.03114187,14.53287197,0,3.460207612,0,0,0,0,1.384083045,0,0.692041522,0,2.076124567,0,7.958477509,0,2.076124567,0.692041522,0,0.692041522,0,1.384083045,4.498269896,0,0,0,5.190311419
Season 8 Episode 8,0,7.239819005,8.14479638,11.76470588,20.36199095,0,9.954751131,0.452488688,0,0,0,8.14479638,0,2.714932127,0.452488688,4.977375566,0,4.977375566,0,1.809954751,4.524886878,0,0,0,0,5.882352941,0,0,1.809954751,6.787330317
Season 8 Episode 9,0,11.35371179,0,20.96069869,24.89082969,0,16.59388646,0.873362445,0,0,0,4.80349345,0,1.310043668,0,1.310043668,0,10.48034934,0,0.436681223,0.873362445,0,0.873362445,0,1.310043668,3.056768559,0,0,0,0.873362445
Season 8 Episode 10,0,14.59854015,0,8.394160584,27.37226277,0,6.934306569,0.729927007,0,0,0,3.284671533,0,2.554744526,5.109489051,2.189781022,0,3.649635036,0,3.649635036,0,0,0.729927007,0,2.189781022,13.50364964,0,0,1.824817518,3.284671533
Season 8 Episode 11,0,8.762886598,0,17.5257732,18.55670103,0,8.24742268,0.515463918,0,0,0,8.762886598,0,1.546391753,3.092783505,3.092783505,0,5.154639175,0,1.030927835,10.82474227,0,0.515463918,0,0,2.577319588,0,0,2.06185567,7.731958763
Season 8 Episode 12,0,8.467741935,0,14.91935484,15.32258065,0,9.274193548,1.612903226,0,0,0,4.435483871,0,0.806451613,3.629032258,3.225806452,0,3.629032258,0,2.419354839,2.822580645,0,0,0,2.822580645,19.35483871,0,0,2.822580645,4.435483871
Season 8 Episode 13,0,19.66666667,8,19,13.66666667,0,0,10.33333333,0,0,0,8,0,3.666666667,0.666666667,0.666666667,0,1.666666667,0,0.666666667,1.666666667,0,1.333333333,0,1.666666667,4,0,0,1.333333333,4
Season 8 Episode 14,0,11.53846154,11.15384615,25.76923077,17.30769231,0,0,3.076923077,0,0,0,1.538461538,0,0.769230769,0.769230769,4.615384615,0,8.846153846,0,3.076923077,0,0,0.384615385,0,0.769230769,5.769230769,0,0,2.692307692,1.923076923
Season 8 Episode 15,0,15.16587678,4.739336493,29.85781991,10.42654028,0,0,0,12.79620853,0,0,0.473933649,0,0,0.947867299,4.265402844,0,1.895734597,0,1.421800948,0,0,0.947867299,0,0,9.952606635,0,0,6.161137441,0.947867299
Season 8 Episode 16,0,19.92753623,5.434782609,21.73913043,7.246376812,0,0,3.985507246,8.695652174,0,0,3.623188406,0,1.449275362,0,7.246376812,0,5.072463768,0,2.898550725,2.173913043,0,0,0,0,6.884057971,0,0,2.173913043,1.449275362
Season 8 Episode 17,0,12.38938053,4.424778761,23.45132743,12.38938053,0,0,3.982300885,8.407079646,0,0,2.654867257,0,0.884955752,1.327433628,7.522123894,0,1.769911504,0,3.982300885,0,0,0.442477876,0,7.96460177,4.424778761,0,0,0.442477876,3.539823009
Season 8 Episode 18,0,19.39655172,4.310344828,19.39655172,8.620689655,0,0,1.293103448,5.172413793,0,0,1.724137931,0,2.586206897,0.431034483,0.862068966,0,11.20689655,0,1.293103448,0.431034483,0,0.862068966,0,6.896551724,6.465517241,0,0,0.862068966,8.189655172
Season 8 Episode 19,0,16.03375527,7.172995781,8.860759494,13.92405063,0,10.12658228,0.421940928,17.72151899,0,0,0.421940928,0,1.687763713,0.843881857,0.421940928,0,2.953586498,0,0.421940928,0,0,0.421940928,0,1.265822785,13.5021097,0,0,0.421940928,3.375527426
Season 8 Episode 20,0,15.72580645,12.90322581,8.870967742,19.35483871,0,7.661290323,3.225806452,8.870967742,0,0,4.435483871,0,3.629032258,0,1.209677419,0,0.403225806,0,0,0.806451613,0,1.209677419,0,0,10.08064516,0,0,0.403225806,1.209677419
Season 8 Episode 21,0,6.666666667,10.1754386,5.614035088,18.59649123,0,6.315789474,2.456140351,12.63157895,0,0,2.456140351,0,3.50877193,0.350877193,10.52631579,0,1.754385965,0,4.561403509,1.403508772,0,0.701754386,0,0.350877193,8.421052632,0,0,0.350877193,3.157894737
Season 8 Episode 22,0,11.00917431,10.09174312,6.880733945,18.80733945,0,5.963302752,1.834862385,7.798165138,0,0,7.339449541,0,0.458715596,0.917431193,7.798165138,2.293577982,6.422018349,0,0,0,0,0.458715596,0,0,3.211009174,0,0,0.458715596,8.256880734
Season 8 Episode 23,0,19.75308642,9.465020576,23.04526749,11.52263374,0,13.58024691,1.234567901,6.172839506,0,0,0.411522634,0,0.411522634,0,0,1.646090535,0,0,0,5.349794239,0,0.411522634,0,2.880658436,3.29218107,0,0,0.411522634,0.411522634
Season 8 Episode 24,0,12.01550388,8.527131783,10.46511628,18.99224806,0,5.813953488,7.751937984,7.364341085,0,0,4.263565891,0,1.937984496,0.775193798,0,6.589147287,5.813953488,0,1.550387597,0.775193798,0,0.387596899,0,1.937984496,3.488372093,0,0,0.387596899,1.162790698
Season 9 Episode 1,0,9.502262443,8.597285068,19.00452489,14.9321267,5.882352941,0,7.239819005,4.524886878,0,0,4.07239819,0,0.452488688,0.904977376,0.452488688,0.452488688,1.357466063,0,0.904977376,0,9.954751131,0.452488688,0,4.977375566,1.809954751,0,0,1.357466063,3.167420814
Season 9 Episode 2,0,13.3105802,11.60409556,10.58020478,11.26279863,5.460750853,0,2.389078498,10.58020478,0,0,1.706484642,0,0.341296928,0.341296928,0,0,3.754266212,0,0,0,7.508532423,1.365187713,0,1.706484642,10.58020478,3.754266212,0,0.341296928,3.412969283
Season 9 Episode 3,0,8.11965812,14.52991453,10.25641026,18.8034188,2.136752137,0,0.854700855,14.52991453,0,0,2.991452991,0,1.282051282,0.427350427,0,0,13.24786325,0,0,0,1.709401709,0,0,0,8.974358974,0,0,0.854700855,1.282051282
Season 9 Episode 4,0,20.13422819,9.731543624,13.42281879,14.4295302,0.67114094,0,1.677852349,9.060402685,0,0,4.697986577,0,1.677852349,2.348993289,0,0,3.691275168,0,0,0,4.026845638,1.006711409,0,0.67114094,3.691275168,0,0,3.355704698,5.704697987
Season 9 Episode 5,0,14.58333333,13.33333333,16.25,20.83333333,0.833333333,0,2.5,8.75,0,0,1.25,0,0,2.083333333,0,0,2.5,0,0,0,2.083333333,1.25,0,2.083333333,10,0,0,0.833333333,0.833333333
Season 9 Episode 6,0,3.435114504,4.198473282,12.97709924,20.61068702,3.816793893,0,4.580152672,6.106870229,0,0,10.30534351,0,0,1.145038168,0,2.671755725,1.526717557,0,0,0,0,0.381679389,0,3.435114504,15.26717557,0,0,0,9.541984733
Season 9 Episode 7,0,8.208955224,16.79104478,19.40298507,3.358208955,3.358208955,0,7.835820896,2.23880597,9.328358209,0,7.835820896,0,5.223880597,1.492537313,0,2.23880597,1.119402985,0,0,0,1.492537313,0.373134328,0,1.865671642,6.71641791,0,0,0,1.119402985
Season 9 Episode 8,0,10.1754386,5.964912281,20,0,8.070175439,0,18.24561404,3.157894737,0,0,7.719298246,0,4.210526316,2.807017544,0,1.052631579,2.105263158,0,0,0,0,1.052631579,0,2.807017544,2.105263158,0,0,4.912280702,5.614035088
Season 9 Episode 9,0,20.20905923,11.14982578,20.55749129,0,7.665505226,0,3.832752613,3.832752613,0,0,2.43902439,0,3.484320557,1.742160279,0,0,5.923344948,0,0,0,0,0.696864111,0,3.832752613,8.362369338,0,0,1.742160279,4.529616725
Season 9 Episode 10,0,12.44444444,19.55555556,8,0,3.111111111,0,7.111111111,4,0,0,4.444444444,0,3.555555556,9.777777778,0,0,6.666666667,0,0,0,0,1.777777778,0,0,11.55555556,0,0,1.777777778,6.222222222
Season 9 Episode 11,0,7.894736842,10.0877193,17.98245614,0,0.877192982,0,5.701754386,3.947368421,0,0,8.333333333,0,2.631578947,2.631578947,0,0,8.333333333,0,0,0,15.35087719,1.315789474,0,0,4.824561404,0,0,1.754385965,8.333333333
Season 9 Episode 12,0,14.97975709,19.43319838,17.81376518,0,4.858299595,0,2.429149798,9.71659919,0,0,3.238866397,0,1.214574899,0.809716599,0,0,9.71659919,0,0,0,0.4048583,0.809716599,0,2.834008097,7.287449393,0,0,0.4048583,4.048582996
Season 9 Episode 13,0,20.83333333,11.11111111,40.27777778,0,0,0,0.462962963,1.388888889,0,0,0.925925926,0,0,2.314814815,0,4.166666667,0.925925926,0,0,0,15.27777778,0,0,0,0.925925926,0,0,0.925925926,0.462962963
Season 9 Episode 14,0,13.57466063,25.7918552,16.74208145,0,0,0,6.787330317,4.07239819,0,0,5.429864253,0,0.452488688,0.452488688,0,0,15.83710407,0,0,0,1.809954751,0.452488688,0,1.357466063,4.524886878,0,0,0,2.714932127
Season 9 Episode 15,0,10.6122449,11.42857143,13.06122449,25.30612245,3.265306122,0,1.632653061,2.857142857,3.265306122,0,2.857142857,0,2.448979592,0.816326531,0,4.081632653,1.224489796,0,0,0,3.673469388,0,0,0,10.6122449,0,0,0.408163265,2.448979592
Season 9 Episode 16,0,6.392694064,12.55707763,10.0456621,18.94977169,9.360730594,0,9.589041096,1.826484018,0,0,1.826484018,0,2.283105023,1.598173516,0,3.652968037,1.141552511,0,0,4.566210046,2.054794521,0.913242009,0,3.424657534,7.534246575,0,0,1.141552511,1.141552511
Season 9 Episode 17,0,4.225352113,14.78873239,35.91549296,3.521126761,0,0,5.633802817,1.408450704,0,0,7.746478873,0,5.633802817,2.112676056,0,0,0.704225352,0,0,0,3.521126761,2.112676056,0,0,2.816901408,0,0,1.408450704,8.450704225
Season 9 Episode 18,0,12.35059761,16.73306773,14.74103586,4.38247012,0.796812749,0,12.74900398,1.593625498,0,0,11.55378486,0,2.390438247,1.195219124,0,0,4.780876494,0,0,0,9.163346614,0,0,0.796812749,1.195219124,0,0,1.992031873,3.585657371
Season 9 Episode 19,0,6.097560976,3.658536585,24.79674797,12.60162602,0.81300813,2.845528455,1.62601626,5.284552846,0,0,2.845528455,0,2.032520325,0.81300813,0,0,0,0,0,0,15.04065041,0.81300813,0,6.097560976,4.06504065,0,0,8.536585366,2.032520325
Season 9 Episode 20,0,8.808290155,11.39896373,10.88082902,20.20725389,2.07253886,1.03626943,7.772020725,9.844559585,0,0,1.03626943,0,0,0,0,0,5.18134715,0,0,0,3.10880829,0.518134715,0,3.626943005,8.29015544,0,0,1.03626943,5.18134715
Season 9 Episode 21,0,17.02702703,8.108108108,14.59459459,18.37837838,1.351351351,0,8.108108108,1.351351351,0,0,5.135135135,0,1.081081081,0.27027027,0,10,2.972972973,0,0,0,2.162162162,0.540540541,0,1.891891892,2.432432432,0,0,1.081081081,3.513513514
Season 9 Episode 22,0,20.41284404,7.798165138,19.95412844,10.09174312,0.917431193,0,8.944954128,0,0,0,6.422018349,0,1.605504587,2.064220183,0,0,6.880733945,0,0,0,1.146788991,0.917431193,0,0,5.04587156,0,0,0.917431193,6.880733945
Season 9 Episode 23,0.465116279,16.97674419,10.46511628,17.6744186,6.744186047,0.697674419,0,5.348837209,2.093023256,0,0,3.953488372,0,3.953488372,3.255813953,3.488372093,0.465116279,4.418604651,0,2.790697674,0,0.697674419,1.860465116,0,3.023255814,2.558139535,0,0,1.860465116,7.209302326
